---
layout: post
title: MySQL
date: 2016-10-17 22:24:53 +0800
categories: [SQL]
tags: [mysql]
published: true
---
* any list
{:toc}

# MySQL

[MySQL](https://www.mysql.com) is the world's most popular open source database.

> [zh_CN](http://c.biancheng.net/cpp/html/1456.html)


# Date Type


- timestamp

```sql
CREATE TABLE test(
`create_time` TIMESTAMP NOT NULL DEFAULT CURRENT_TIMESTAMP
COMMENT '创建时，默认为系统当前时间。以后不再刷新',

`update_time` TIMESTAMP NOT NULL DEFAULT CURRENT_TIMESTAMP ON UPDATE CURRENT_TIMESTAMP
COMMENT '创建/修改时刷新时间，同TIMESTAMP'
)ENGINE=InnoDB AUTO_INCREMENT=1 DEFAULT CHARSET=utf8 COMMENT='test';
```


# Index

The max limit number of mysql index is —— 16

## Index not work case

- ```!=``` or ```<>```

- use fun();

- JOIN, only use index when primary key has the same type with foreign key;

- LIKE, REGEX only use index when first char is not wildcard.

```sql
like '%abc'   ×
like 'abc%'   √
```

- ORDER BY: only use when the where condition is not a expression. It's not works well when has multi-table.

- index not works well when one column has many the same value, like (0/1), (y/n)

## Full-Text index

> [full-text](http://www.cnblogs.com/mguo/archive/2013/04/16/3023610.html)

The most time consuming sql may like this:

```sql
SELECT * FROM `table_name` WHERE `column_name` LIKE '%word%'
```

- create full-text

```sql
CREATE TABLE full_text(
  `id` BIGINT(20) NOT NULL AUTO_INCREMENT,
  `name` VARCHAR(64) NOT NULL COMMENT '名称',
  `info` VARCHAR(128) NULL DEFAULT '' COMMENT '信息',
  PRIMARY KEY (`id`),
  FULLTEXT (`name`, `info`) COMMENT '添加全文索引'
) COMMENT = '全文检索' ENGINE = MyISAM;

INSERT INTO full_text (name, info) VALUES
  ('mark the word', 'you can mark the word'),
  ('kill the word', 'you can kill the word'),
  ('like the word', 'you can like the word'),
  ('miss the word', 'you can miss the word'),
  ('think the word', 'you can think the word');
```

- query

```
SELECT * FROM full_text WHERE MATCH(`name`, `info`) AGAINST ('think like mark') > 0.0001;
SELECT * FROM full_text WHERE MATCH(`name`, `info`) AGAINST ('you word miss') > 0.0001;
```


# Stored Procedure & Trigger    (5.0+)

> Stored Procedure

- define

```sql
DROP FUNCTION IF EXISTS shortLen;

CREATE FUNCTION shortLen(s VARCHAR(255), n INT)
  RETURNS VARCHAR(255)
  BEGIN
    IF ISNULL(s)
    THEN
      RETURN '';
    ELSEIF n < 15
      THEN
        RETURN LEFT(s, n);
    ELSE
      IF CHAR_LENGTH(s) <= n
      THEN
        RETURN s;
      ELSE
        RETURN CONCAT(LEFT(s, n - 10), '...', RIGHT(s, 5));
      END IF;
    END IF;
  END;
```

- use

```sql
SELECT shortLen('asdfasdfasdfasdfasfdasdgasdgfadghfgdhfgjghj', 15);
```

- result

```
asdfa...gjghj
```

- show functions

```sql
SHOW FUNCTION STATUS;

SHOW CREATE FUNCTION shortLen;
```


# 自连接查询

```
$   vi ~/.base_profile

alias mysql=/usr/local/mysql/bin/mysql

$   source ~/.base_profile
```

- Create table

```sql
DROP TABLE IF EXISTS `t_score`;
CREATE TABLE `t_score`(
  id BIGINT(20) NOT NULL AUTO_INCREMENT PRIMARY KEY ,
  score INT(11) NOT NULL DEFAULT 0,
  student_id BIGINT(20) NOT NULL,
  type INT(11) NOT NULL COMMENT '类型, 0->语文, 1->数学'
) COMMENT '分数表';

INSERT INTO t_score (score, student_id, type) VALUES
  (50, 1, 0),
  (60, 1, 1),
  (78, 2, 0),
  (99, 2, 1)
;
```

- Query all

```
mysql> SELECT * FROM t_score;
+----+-------+------------+------+
| id | score | student_id | type |
+----+-------+------------+------+
|  1 |    50 |          1 |    0 |
|  2 |    60 |          1 |    1 |
|  3 |    78 |          2 |    0 |
|  4 |    99 |          2 |    1 |
+----+-------+------------+------+
4 rows in set (0.00 sec)
```

- Query student's math and chinese score

```
mysql> SELECT cs.score, ms.score, cs.student_id
    -> FROM t_score AS cs, t_score AS ms
    -> WHERE cs.student_id=ms.student_id
    -> AND cs.type=0 AND ms.type=1;
+-------+-------+------------+
| score | score | student_id |
+-------+-------+------------+
|    50 |    60 |          1 |
|    78 |    99 |          2 |
+-------+-------+------------+
2 rows in set (0.00 sec)
```


> Transaction

- Create table for test

```mysql
CREATE TABLE `t_test`(
  `id` BIGINT(20) NOT NULL AUTO_INCREMENT PRIMARY KEY,
  `info` VARCHAR(100) DEFAULT NULL,
  `create_time` TIMESTAMP NULL DEFAULT NULL
) COMMENT 'test table';
```

- Begin transaction

```
START TRANSACTION | BEGIN [WORK]
    COMMIT [WORK] [AND [NO] CHAIN] [[NO] RELEASE]
    ROLLBACK [WORK] [AND [NO] CHAIN] [[NO] RELEASE]
    SET AUTOCOMMIT = {0 | 1}
```


<table class="table table-bordered table-hover text-left">
    <tr><th>session_1</th><th>session_2</th></tr>
    <tr>
        <td>
            start transaction;
            Query OK, 0 rows affected (0.00 sec)
        </td>
        <td></td>
    </tr>
    <tr>
        <td>
            insert into t_test (info, create_time) VALUES ('1 insert', NOW());
            Query OK, 1 row affected (0.00 sec)
        </td>
        <td></td>
    </tr>
    <tr>
        <td>
        </td>
        <td>
            select * from t_test;
            Empty set (0.00 sec)
        </td>
    </tr>
    <tr>
        <td>
            commit;
            Query OK, 0 rows affected (0.00 sec)
        </td>
        <td></td>
    </tr>
    <tr>
        <td></td>
        <td>
            mysql> select * from t_test;    <br/>
              +----+----------+---------------------+<br/>
              | id | info     | create_time         |<br/>
              +----+----------+---------------------+<br/>
              |  1 | 1 insert | 2016-10-17 22:59:05 |<br/>
              +----+----------+---------------------+<br/>
              1 row in set (0.00 sec)|
        </td>
    </tr>
</table>

















